{"cameraMode":{"drawMode":0,"name":"Shaded","section":"Shading Mode"},"sceneLighting":true,"audioPlay":false,"sceneViewState":{"m_AlwaysRefresh":false,"showFog":true,"showSkybox":false,"showFlares":true,"showImageEffects":true,"showParticleSystems":true,"showVisualEffectGraphs":true,"m_FxEnabled":true},"in2DMode":false,"pivot":{"x":-17.28518295288086,"y":34.69732666015625,"z":10.951614379882813},"rotation":{"x":0.09660595655441284,"y":0.05372187867760658,"z":-0.005225368309766054,"w":0.993866503238678},"size":23.18964958190918,"orthographic":true}