{"cameraMode":{"drawMode":0,"name":"Shaded","section":"Shading Mode"},"sceneLighting":true,"audioPlay":false,"sceneViewState":{"m_AlwaysRefresh":false,"showFog":true,"showSkybox":false,"showFlares":true,"showImageEffects":true,"showParticleSystems":true,"showVisualEffectGraphs":true,"m_FxEnabled":true},"in2DMode":false,"pivot":{"x":0.8251852989196777,"y":2.4975359439849855,"z":269.1378479003906},"rotation":{"x":-0.26808589696884158,"y":-0.025716496631503106,"z":0.0071543799713253979,"w":-0.9630433917045593},"size":52.249107360839847,"orthographic":true}