{"cameraMode":{"drawMode":0,"name":"Shaded","section":"Shading Mode"},"sceneLighting":true,"audioPlay":false,"sceneViewState":{"m_AlwaysRefresh":false,"showFog":true,"showSkybox":true,"showFlares":true,"showImageEffects":true,"showParticleSystems":true,"showVisualEffectGraphs":true,"m_FxEnabled":true},"in2DMode":false,"pivot":{"x":246.94517517089845,"y":372.845458984375,"z":-9.288963317871094},"rotation":{"x":0.050954196602106097,"y":0.030557328835129739,"z":-0.0015595891745761037,"w":0.9982337951660156},"size":377.39263916015627,"orthographic":false}