{"cameraMode":{"drawMode":0,"name":"Shaded","section":"Shading Mode"},"sceneLighting":true,"audioPlay":false,"sceneViewState":{"m_AlwaysRefresh":false,"showFog":true,"showSkybox":true,"showFlares":true,"showImageEffects":true,"showParticleSystems":true,"showVisualEffectGraphs":true,"m_FxEnabled":true},"in2DMode":false,"pivot":{"x":-0.16841888427734376,"y":2.4563260078430177,"z":305.10174560546877},"rotation":{"x":0.3305165469646454,"y":-0.01557174138724804,"z":0.005454010330140591,"w":0.9436563849449158},"size":3.2660250663757326,"orthographic":false}